["mot",
"de",
"la",
"et",
"a",
"le",
"les",
"pour",
"à",
"du",
"que",
"en",
"qui",
"par",
"des",
"on",
"ce",
"assemblée",
"il",
"un",
"au",
"compagnie",
"ont",
"dans",
"ne",
"signé",
"livres",
"est",
"je",
"comte",
"son",
"poisson",
"sur",
"elle",
"jour",
"deux",
"vous",
"ses",
"y",
"une",
"raisin",
"cent",
"faire",
"lundy",
"mlle",
"monsieur",
"dangeville",
"troupe",
"comédie",
"ou",
"baron",
"delathorilliere",
"esté",
"billet",
"part",
"champmeslé",
"avril",
"affaires",
"jettons",
"résolu",
"me",
"plus",
"mr",
"droit",
"se",
"pas",
"nous",
"dancourt",
"avec",
"aux",
"pièce",
"m",
"beauval",
"sera",
"devilliers",
"somme",
"trois",
"dix",
"heures",
"présens",
"fait",
"jetton",
"mars",
"lecture",
"tous",
"six",
"sont",
"cette",
"été",
"mrs",
"grange",
"quatre",
"lavoy",
"mille",
"guerin",
"sans",
"luy",
"sa",
"donné",
"leur",
"comme",
"bien",
"contract",
"si",
"après",
"cy",
"cinq",
"guérin",
"premier",
"mil",
"pièces",
"janvier",
"quinault",
"vingt",
"absens",
"sept",
"ordre",
"lui",
"desmare",
"dont",
"autre",
"échoira",
"point",
"tout",
"rosélis",
"perier",
"billets",
"ceux",
"avoir",
"ces",
"avant",
"jouer",
"mes",
"beaubour",
"armand",
"lettre",
"tuillerie",
"être",
"ai",
"seront",
"arresté",
"mon",
"hostel",
"croisy",
"mois",
"ma",
"may",
"entre",
"ils",
"acteurs",
"soit",
"mais",
"dufey",
"dit",
"cinquante",
"sols",
"délibérer",
"hubert",
"mardy",
"camarades",
"quart",
"led",
"répertoire",
"fera",
"donner",
"sainval",
"rosimonde",
"pouvoir",
"société",
"legrand",
"chacun",
"juin",
"defresne",
"messieurs",
"paris",
"duc",
"porte",
"salle",
"sarrazin",
"rôles",
"celle",
"paulin",
"ete",
"trouppe",
"brecourt",
"ordinaire",
"dubois",
"juillet",
"lundi",
"loges",
"présents",
"depuis",
"manière",
"accoutumée",
"ayant",
"delamotte",
"verneuil",
"trente",
"actrices",
"huit",
"romancan",
"id",
"dudit",
"hotel",
"vestris",
"montmeny",
"payer",
"cas",
"toute",
"même",
"louis",
"dellibérer",
"autres",
"toutes",
"théâtre",
"mains",
"grandval",
"jusqu",
"jouvenot",
"porteur",
"votre",
"suis",
"cens",
"novembre",
"nos",
"eu",
"fils",
"chemin",
"vos",
"octobre",
"dimanche",
"deniers",
"villiers",
"année",
"lad",
"samedy",
"avons",
"soixante",
"jeudy",
"vendredy",
"présence",
"fond",
"quinze",
"dauvilliers",
"ledit",
"avait",
"roy",
"suivant",
"jours",
"reste",
"leurs",
"doit",
"grand",
"donnera",
"remis",
"notre",
"droüin",
"moi",
"très",
"entendre",
"comedie",
"boccage",
"pension",
"actes",
"présent",
"commune",
"laquelle",
"sieur",
"val",
"sommes",
"estre",
"chaque",
"place",
"acte",
"dumesnil",
"mis",
"emploi",
"état",
"signez",
"aoust",
"fois",
"compte",
"petite",
"gaussin",
"dernier",
"dud",
"était",
"mercredy",
"personnes",
"pasques",
"nouvelles",
"février",
"préville",
"latude",
"payement",
"tragédie",
"cour",
"neuf",
"dite",
"septembre",
"aura",
"dessus",
"pendant",
"cela",
"kain",
"fut",
"richelieu",
"rien",
"où",
"tant",
"madame",
"honneur",
"peut",
"aussi",
"française",
"scavoir",
"dubreüils",
"frais",
"répétitions",
"obligation",
"demain",
"consentement",
"dire",
"quelque",
"prix",
"prendre",
"prochain",
"renouvellé",
"dubreuil",
"distribué",
"demy",
"sous",
"partagé",
"intitulée",
"elles",
"double",
"auxquels",
"conséquence",
"sest",
"plusieurs",
"décembre",
"aucun",
"sujet",
"kaïn",
"service",
"maréchal",
"chers",
"faite",
"sévigny",
"dumirail",
"conseil",
"faict",
"delagrange",
"guiot",
"solz",
"brécourt",
"personne",
"auront",
"commencer",
"comédiens",
"quand",
"partie",
"pareille",
"nouveau",
"maniere",
"bonneval",
"dos",
"encore",
"raison",
"cadette",
"douze",
"aussy",
"quoy",
"dupin",
"chambre",
"lors",
"rendre",
"aucune",
"écheuë",
"parts",
"melle",
"afin",
"avez",
"public",
"drouin",
"desbrosses",
"durieu",
"quarante",
"lay",
"deschamps",
"sieurs",
"mesme",
"propos",
"répétition",
"pris",
"nombre",
"amandes",
"fontainebleau",
"font",
"parce",
"roche",
"suit",
"biffé",
"auteur",
"rôle",
"réponse",
"talents",
"ny",
"duboccage",
"contre",
"avoit",
"hauteroche",
"cause",
"mademoiselle",
"mettre",
"nouvelle",
"entrer",
"livre",
"plaisir",
"recevoir",
"bellecour",
"dupré",
"rayé",
"copie",
"sr",
"desmares",
"première",
"acteur",
"lequel",
"lieu",
"huy",
"presens",
"jusques",
"devant",
"nommé",
"fin",
"haute",
"décorations",
"voix",
"besoin",
"dubreüil",
"temps",
"mandement",
"délibération",
"jamais",
"enfin",
"ni",
"réception",
"entière",
"article",
"dauberval",
"caisse",
"incessamment",
"onze",
"debrie",
"réglé",
"lira",
"bois",
"jouera",
"auquel",
"pourra",
"prie",
"toison",
"ans",
"lesd",
"lesdits",
"choix",
"absent",
"mercredi",
"comediens",
"bercy",
"particuliers",
"debonneval",
"samedi",
"dits",
"auteurs",
"toujours",
"conforme",
"celles",
"art",
"accordé",
"couvreur",
"sevigny",
"present",
"cet",
"ainsy",
"ensemble",
"moins",
"actrice",
"parterre",
"trouvé",
"matin",
"nécessaires",
"faites",
"non",
"brillant",
"deliberer",
"ancien",
"este",
"quelques",
"monseigneur",
"ainsi",
"soir",
"demander",
"étant",
"anciens",
"vendredi",
"godefroy",
"delibérer",
"mle",
"balicourt",
"délibéré",
"an",
"petites",
"assemblées",
"dennebault",
"recepte",
"dernière",
"treize",
"chez",
"donne",
"premiers",
"effet",
"condition",
"payé",
"musique",
"ladite",
"hôtel",
"eux",
"dépenses",
"bellecourt",
"demoiselles",
"compris",
"faisant",
"usage",
"français",
"dites",
"retiré",
"rolles",
"enlèvements",
"ponteuil",
"grandes",
"mémoire",
"autheurs",
"peyne",
"bon",
"demande",
"gentilhomme",
"veut",
"second",
"laisser",
"nécessaire",
"lendemain",
"chose",
"retour",
"remise",
"apres",
"conditions",
"ouvrages",
"outre",
"faits",
"semainiers",
"représentations",
"essai",
"cependant",
"voyez",
"essarts",
"retraite",
"sœur",
"supérieurs",
"clavel",
"demie",
"interests",
"defonpré",
"delle",
"durancy",
"decleves",
"labatte",
"ordres",
"capistron",
"sçavoir",
"mesdemoiselles",
"gagistes",
"lesquelles",
"présente",
"chargé",
"mm",
"proposition",
"joué",
"grande",
"delamott",
"établissement",
"registre",
"lesquels",
"puisse",
"suisse",
"parlement",
"général",
"suite",
"mgr",
"vouloir",
"ferté",
"gloire",
"entendu",
"semainier",
"appointements",
"principal",
"reçue",
"thorillière",
"extraordinairement",
"clos",
"monsr",
"seize",
"signes",
"dubreuils",
"nostre",
"attendu",
"passé",
"conte",
"peine",
"crispin",
"lectures",
"demye",
"jourd",
"mal",
"feront",
"petit",
"receu",
"souvent",
"commis",
"premièrement",
"rosimond",
"pluralité",
"lorsque",
"iphigénie",
"règles",
"recette",
"titre",
"bonne",
"hus",
"seroit",
"composent",
"nommez",
"françois",
"particulier",
"avenir",
"affaire",
"mardi",
"autant",
"compter",
"faut",
"avais",
"vu",
"demandé",
"celui",
"chef",
"molé",
"reçu",
"mise",
"parties",
"corrections",
"assemblé",
"arrêté",
"quelle",
"nouveaux",
"créanciers",
"joura",
"procureur",
"distribüé",
"torillière",
"notaire",
"jouable",
"remboursement",
"reglé",
"presente",
"recüe",
"jouée",
"lon",
"interest",
"jourdhuy",
"beauménard",
"sobligeant",
"echeance",
"requeste",
"cinna",
"trouver",
"bureau",
"loge",
"angélique",
"théastre",
"celuy",
"peuvent",
"soin",
"soient",
"arrive",
"remettre",
"prier",
"commencera",
"vers",
"représentation",
"changer",
"versailles",
"toutte",
"travailler",
"comédies",
"semaine",
"pieces",
"seulement",
"engagement",
"journellement",
"droits",
"delanoüe",
"presents",
"motte",
"pere",
"chés",
"mémoires",
"longtemps",
"conduite",
"moment",
"thénard",
"attachement",
"humble",
"amitié",
"avaient",
"trop",
"intérêts",
"dois",
"vie",
"brizard",
"jeudi",
"coste",
"roi",
"servir",
"assez",
"doubler",
"dès",
"yeux",
"charge",
"dépense",
"mort",
"disposer",
"voltaire",
"entrée",
"mérite",
"deshayes",
"comédien",
"desd",
"madlle",
"vôtre",
"profit",
"blainville",
"cardinal",
"déliberer",
"lancien",
"datte",
"pirhus",
"connell",
"trouvera",
"lagrange",
"peu",
"choses",
"andromède",
"pauvres",
"chandelle",
"touttes",
"règlement",
"menus",
"bourgeois",
"mieux",
"theastre",
"voyage",
"tour",
"cents",
"tems",
"placer",
"beaucoup",
"parler",
"monte",
"jouées",
"suivante",
"st",
"retirera",
"concurrence",
"acceptée",
"jugera",
"dame",
"fournir",
"deuë",
"fevrier",
"decembre",
"general",
"echoira",
"aujourd",
"hui",
"ensuite",
"zèle",
"donc",
"déjà",
"savez",
"monvel",
"eut",
"sentiments",
"absents",
"avertir",
"porter",
"liberté",
"fais",
"aînée",
"années",
"conformément",
"pourront",
"places",
"disposé",
"champmesle",
"roselis",
"mme",
"leu",
"audit",
"disposition",
"pensions",
"ca",
"jodelet",
"piron",
"branche",
"début",
"maal",
"duchemin",
"duy",
"gaultier",
"tragedie",
"echu",
"assemblés",
"majesté",
"sorte",
"convenu",
"leconte",
"othon",
"cid",
"proposée",
"souper",
"ariane",
"quinzaine",
"rue",
"représenter",
"congé",
"gens",
"main",
"seigneur",
"alternativement",
"aller",
"autrement",
"projet",
"prendra",
"dessous",
"rang",
"continuer",
"habits",
"bons",
"accepter",
"magasin",
"tenir",
"exiger",
"veiller",
"possible",
"ouvrage",
"avance",
"fasse",
"devoir",
"appartient",
"montant",
"emprunts",
"obligations",
"deliberations",
"aud",
"aubert",
"dubouchet",
"montfleury",
"srs",
"absolument",
"poste",
"refusé",
"changement",
"aumont",
"laquais",
"plaisirs",
"lettres",
"ordonné",
"serait",
"succès",
"raucourt",
"royale",
"anciennes",
"didon",
"fonds",
"paix",
"estime",
"camarade",
"considération",
"santé",
"procédé",
"règlements",
"voulu",
"surtout",
"aurait",
"pouvait",
"offre",
"date",
"loin",
"faveur",
"alors",
"unanimement",
"dames",
"registres",
"répondu",
"champ",
"nom",
"entier",
"caissier",
"doubles",
"rester",
"mad",
"fût",
"fit",
"formé",
"seconde",
"emilie",
"moyen",
"traiter",
"observer",
"retenir",
"constitution",
"occasions",
"bellemont",
"spectacle",
"buste",
"périer",
"joüer",
"donnée",
"régler",
"donneront",
"saisie",
"doivent",
"rolle",
"augmentation",
"mecredy",
"mons",
"quinzeniers",
"dis",
"payera",
"accorder",
"ay",
"duclos",
"theatre",
"deliberation",
"piece",
"tessier",
"controlle",
"biffez",
"po",
"convenus",
"commun",
"desdits",
"midy",
"escu",
"façon",
"carrosses",
"devineresse",
"payées",
"estant",
"parroisse",
"trouveront",
"veille",
"premières",
"sortir",
"bajazet",
"avis",
"signe",
"dellibération",
"peinture",
"pierre",
"revenir",
"payeront",
"perdre",
"bauval",
"prévost",
"hors",
"louvart",
"chargés",
"satisfaction",
"heure",
"savoir",
"mesure",
"malade",
"gardes",
"suitte",
"simple",
"prises",
"mesmes",
"fontaine",
"tiendra",
"prest",
"lorsqu",
"extraordinaires",
"exemple",
"estoient",
"cassette",
"aresté",
"divorce",
"estoit",
"parisien",
"garçon",
"accoutumé",
"thorilliere",
"voy",
"contracts",
"monter",
"ayans",
"bottot",
"venet",
"etre",
"ches",
"comité",
"objets",
"concernant",
"prévenir",
"académie",
"nation",
"œuvres",
"andromaque",
"barbier",
"tragédies",
"côté",
"fort",
"signée",
"seule",
"crois",
"abord",
"épreuve",
"tel",
"entrées",
"termes",
"va",
"pourrait",
"complaisance",
"décidé",
"inès",
"êtes",
"répondre",
"écrite",
"honnêteté",
"ami",
"souvenir",
"cru",
"produit",
"écrit",
"connaissance",
"composant",
"pareil",
"actuellement",
"exécution",
"exécuter",
"signer",
"camille",
"laissé",
"monde",
"sœurs",
"désir",
"rendu",
"occasion",
"ailleurs",
"retirer",
"remplir",
"jugée",
"donnait",
"quitter",
"prétention",
"objet",
"acquitter",
"hermione",
"délibérations",
"abandon",
"voilà",
"zelmire",
"seul",
"arrivé",
"mises",
"tranquillité",
"prié",
"suin",
"joly",
"courville",
"dugazon",
"homme",
"dramatique",
"grands",
"trouve",
"quoi",
"lathorilliere",
"aucunes",
"resté",
"torilliere",
"concierge",
"cherrier",
"dupérier",
"dispositions",
"lt",
"sentence",
"sus",
"signés",
"portes",
"préparera",
"copies",
"répet",
"rochemore",
"dauphine",
"devoit",
"rentes",
"salley",
"refusée",
"original",
"quel",
"jugés",
"arret",
"reception",
"patentes",
"employ",
"prose",
"néelle",
"reçüe",
"fontpertuy",
"appointemens",
"dune",
"quil",
"rente",
"interets",
"etes",
"rayez",
"cleves",
"seuls",
"louise",
"jacob",
"ouvriers",
"bauvall",
"imaginaire",
"joue",
"manquent",
"chacune",
"paroisse",
"obligés",
"précises",
"virginie",
"chauffage",
"peintres",
"tirer",
"viendront",
"sonnées",
"libre",
"mithridate",
"apprêté",
"cléopâtre",
"mariage",
"forcé",
"plustost",
"deffaillans",
"domestiques",
"partagés",
"communes",
"fons",
"surplus",
"présentes",
"scène",
"qualité",
"plaintes",
"laisse",
"lustre",
"artaxercès",
"prise",
"précédente",
"gages",
"cocher",
"chambrées",
"lassemblée",
"delliberer",
"derniers",
"venus",
"brie",
"rosimont",
"joueurs",
"faictes",
"sentiment",
"blanches",
"obligée",
"accepté",
"faicte",
"immédiatement",
"icy",
"rosles",
"sérieuses",
"jouent",
"obligé",
"dufort",
"meilleur",
"marché",
"manque",
"montera",
"mettra",
"remettra",
"extraordinaire",
"réserve",
"mlles",
"escus",
"scènes",
"recevra",
"donnés",
"payant",
"employé",
"trouvée",
"guéant",
"neufs",
"meme",
"articles",
"lekaïn",
"delanoue",
"danseurs",
"retiendra",
"raport",
"mesnil",
"tude",
"vertu",
"duperier",
"sauf",
"calcul",
"pretexte",
"peines",
"étoit",
"suisses",
"apporté",
"quels",
"fleury",
"controlleur",
"police",
"intendant",
"portier",
"lire",
"relativement",
"arrêtés",
"delaporte",
"jaloux",
"comique",
"prend",
"égard",
"oreste",
"amour",
"joui",
"supplie",
"former",
"servante",
"hier",
"sincère",
"angiviller",
"décider",
"avantage",
"publique",
"juge",
"serviteur",
"important",
"étaient",
"rive",
"jouerait",
"impossible",
"jouerai",
"beaux",
"preuves",
"parti",
"ancienneté",
"probité",
"courant",
"datée",
"adressée",
"amant",
"tort",
"portion",
"regarde",
"pu",
"décision",
"décorateur",
"total",
"choisir",
"composition",
"travail",
"payable",
"clauses",
"amis",
"oublier",
"mot",
"digne",
"midi",
"reçoit",
"eus",
"avions",
"forts",
"possession",
"appris",
"maître",
"loix",
"ancienne",
"roxane",
"procédés",
"voir",
"étais",
"viriate",
"idamé",
"selon",
"mai",
"cession",
"là",
"voudra",
"différentes",
"gabrielle",
"rodogune",
"pauline",
"garçons",
"bonheur",
"assurer",
"florence",
"chassaigne",
"royal",
"galerie",
"agréable",
"ville",
"noble",
"contrat",
"nécessité",
"lotterie",
"champvallon",
"officiers",
"icelle",
"empescher",
"deverneuil",
"ridicule",
"ordinaires",
"executé",
"fourny",
"fournis",
"dom",
"musicien",
"amoureux",
"mesdames",
"pareillement",
"paye",
"humblement",
"italiens",
"achepter",
"quitte",
"sallé",
"comptant",
"avoient",
"avois",
"pourquoy",
"forme",
"maison",
"laditte",
"acquisition",
"etablissement",
"ordonner",
"requette",
"violon",
"reglement",
"jetons",
"bernaut",
"acquittement",
"dautant",
"establissement",
"gratis",
"liste",
"damlle",
"creanciers",
"fey",
"nommes",
"mandemens",
"compose",
"lautre",
"lun",
"comptera",
"echues",
"echus",
"solidité",
"romaucan",
"durand",
"rüe",
"présenter",
"sourdéac",
"champeron",
"procuration",
"payés",
"françoise",
"charité",
"marc",
"poinçon",
"passer",
"porté",
"valeur",
"près",
"bel",
"hercule",
"deuil",
"mère",
"sons",
"destinée",
"ensuit",
"joueront",
"réparations",
"chambrée",
"acquis",
"maladie",
"médecin",
"britannicus",
"phèdre",
"sicilien",
"amphitryon",
"bérénice",
"commission",
"prendront",
"paradis",
"restans",
"fermer",
"festin",
"manquer",
"chandelles",
"journée",
"chammeslay",
"résolution",
"cheval",
"aye",
"restes",
"marchands",
"tombent",
"sy",
"amphithéâtre",
"ouvreurs",
"femmes",
"offert",
"pain",
"bény",
"vend",
"attendant",
"dessein",
"continueront",
"mercure",
"servantes",
"devis",
"habit",
"doresnavant",
"venir",
"corneille",
"dedans",
"garde",
"toussains",
"receptes",
"quittera",
"finira",
"réglés",
"continuera",
"pars",
"précédentes",
"faudra",
"journaliers",
"composer",
"revenans",
"répétera",
"bureaux",
"cours",
"baudelot",
"maistre",
"placera",
"fussent",
"quoyque",
"nomme",
"vitrier",
"courtois",
"cejourd",
"consent",
"engager",
"regler",
"huguet",
"théatre",
"divisé",
"societé",
"preville",
"melles",
"acquises",
"jointe",
"sequestre",
"trouvez",
"beauvais",
"tante",
"polvon",
"sage",
"clerc",
"lefevre",
"deduction",
"duë",
"quatorze",
"erreur",
"échu",
"sarazin",
"aucuns",
"fixer",
"tarif",
"lieutenant",
"prevost",
"duras",
"rochon",
"nouveauté",
"justice",
"croire",
"sincèrement",
"lampes",
"présenté",
"nouveautés",
"spectacles",
"sujets",
"davantage",
"privé",
"successivement",
"horaces",
"conserver",
"autorité",
"comptes",
"viens",
"prête",
"plutôt",
"faute",
"obéissante",
"humbles",
"heureux",
"éclairer",
"lange",
"infiniment",
"tient",
"obéissant",
"sensible",
"sertorius",
"entièrement",
"garants",
"soumets",
"témoigner",
"jean",
"quitté",
"venu",
"certainement",
"trouvent",
"aime",
"justes",
"engage",
"propres",
"croyez",
"bourru",
"soutenir",
"rigueur",
"loi",
"aveu",
"mêmes",
"unanime",
"prochaine",
"peintre",
"portant",
"peindre",
"genre",
"peintes",
"brunetti",
"portée",
"promet",
"exception",
"doux",
"tendres",
"pleureurs",
"brillante",
"beau",
"voici",
"veux",
"ferai",
"procurer",
"bas",
"retirée",
"lu",
"juger",
"ainée",
"quant",
"circonstances",
"critiques",
"services",
"bientôt",
"auprès",
"question",
"entelles",
"accord",
"difficile",
"arrangements",
"aussitôt",
"nouvel",
"dignes",
"enlever",
"connu",
"plan",
"obtenir",
"espérer",
"favorable",
"jugé",
"rarement",
"paraître",
"mien",
"confirmer",
"faisais",
"réservant",
"sacrifice",
"doute",
"perte",
"déterminé",
"instant",
"dégouts",
"ait",
"parmi",
"presque",
"zaïre",
"consenti",
"balance",
"veuve",
"blanche",
"vergi",
"electre",
"pulchérie",
"pensé",
"céder",
"veuille",
"consens",
"avertie",
"remplacer",
"cherche",
"défendre",
"sien",
"honnête",
"empressement",
"voulant",
"remises",
"proposer",
"donnent",
"traité",
"demandes",
"parfaite",
"membres",
"août",
"contat",
"dufresne",
"fanier",
"censeur",
"crébillon",
"suard",
"semblera",
"voudront",
"nau",
"hommes",
"france",
"pourquoi",
"grâce",
"impossibilité",
"fortune",
"règle",
"retire",
"ditte",
"raporter",
"eté",
"deschargé",
"composée",
"feubvrier",
"portions",
"changera",
"plaira",
"secondes",
"promesse",
"renard",
"regnard",
"champagne",
"joüée",
"balcons",
"balet",
"princesse",
"suréna",
"pouvoirs",
"lesdites",
"réelle",
"profits",
"exploit",
"ouvrir",
"civil",
"gratiffication",
"septiesme",
"tenüe",
"receveur",
"retirent",
"bruit",
"rieu",
"commancer",
"subtil",
"demoiselle",
"accoustumée",
"germain",
"décès",
"manoir",
"stilicon",
"engagements",
"attila",
"sanche",
"dépit",
"andronic",
"rép",
"cavrot",
"contrats",
"deffendu",
"suivre",
"examiné",
"capable",
"bourgogne",
"noires",
"marquée",
"delathorillière",
"chatelet",
"desdites",
"viennent",
"prière",
"quinzainiers",
"cadet",
"foire",
"saison",
"mares",
"payée",
"veulent",
"égards",
"lüe",
"idée",
"pû",
"bibliotèque",
"moy",
"reconnoissance",
"xbre",
"incessament",
"belloy",
"uns",
"reprise",
"jouissent",
"sureté",
"reçues",
"précédemment",
"fourni",
"execution",
"ouverture",
"cordier",
"roles",
"angeville",
"derniere",
"annuelle",
"retraitte",
"clavelle",
"lavoye",
"réglement",
"quon",
"advertir",
"aujour",
"lots",
"ventes",
"soixantes",
"abandonne",
"jusqua",
"dam",
"nest",
"delivré",
"argent",
"femme",
"controlleuses",
"tragedies",
"renouvelle",
"solidairement",
"echoiront",
"blaye",
"situation",
"breüils",
"ausquels",
"recepissé",
"breuil",
"lordinaire",
"diceux",
"colin",
"maillard",
"prince",
"susd",
"neufiesme",
"procureurs",
"dicte",
"dattes",
"changé",
"telle",
"conviendra",
"bizot",
"galleries",
"gros",
"manqué",
"béjard",
"menteur",
"cocu",
"coquette",
"exempte",
"semble",
"apollon",
"chappelle",
"nitocris",
"procris",
"despens",
"commenceront",
"p",
"partent",
"lecomte",
"fermé",
"dessin",
"continuée",
"retranchera",
"nattes",
"toilles",
"voile",
"toille",
"frises",
"journées",
"générale",
"rapinière",
"approuvé",
"mousset",
"servy",
"lucas",
"mainart",
"rendra",
"commance",
"angelique",
"oster",
"parens",
"caresme",
"marquera",
"enfans",
"ouvrier",
"guyot",
"arriveront",
"affin",
"pradon",
"commence",
"répéter",
"gesvres",
"bougies",
"retranchées",
"galant",
"dispose",
"tirés",
"demeurés",
"sonnée",
"parvenir",
"machines",
"bauvalle",
"fille",
"mesures",
"huict",
"machine",
"despencer",
"devans",
"commencement",
"quar",
"tourniquet",
"force",
"laisseront",
"conduit",
"discrétion",
"pourvu",
"vieilles",
"feste",
"résolutions",
"assure",
"estat",
"fou",
"étude",
"mariane",
"observera",
"prologue",
"suffiront",
"restant",
"suivra",
"excède",
"libraire",
"hautefeuille",
"trouvés",
"difficultés",
"marie",
"nouvellement",
"préalablement",
"dellibéré",
"deu",
"héraclius",
"laissera",
"loyer",
"forel",
"belleville",
"respondront",
"nommera",
"néant",
"maniére",
"gueant",
"deliberé",
"decidé",
"entretien",
"julien",
"ci",
"arranger",
"raccommoder",
"points",
"sortes",
"vieux",
"fil",
"depens",
"aider",
"aides",
"contente",
"permis",
"poursuivre",
"reçus",
"examinée",
"entiere",
"approuvent",
"mentionnez",
"apparoit",
"servant",
"cabrol",
"boeuf",
"ondet",
"charpentier",
"bouret",
"beaumenard",
"delles",
"obmission",
"obligeant",
"deliberée",
"billest",
"amphitheatre",
"privés",
"troisieme",
"etrennes",
"quelles",
"arreté",
"finances",
"delatouche",
"maitre",
"honoré",
"différents",
"ferait",
"verbal",
"chabannes",
"propose",
"interrompre",
"éprouvé",
"plaindre",
"allons",
"sûr",
"mérité",
"charger",
"envoyé",
"breteuil",
"unique",
"assuré",
"ordonnance",
"cesse",
"foule",
"autrefois",
"entières",
"pensées",
"accepte",
"précieux",
"renoncer",
"perdu",
"entreprise",
"également",
"réputation",
"europe",
"réprimer",
"abus",
"inévitablement",
"opéra",
"censeurs",
"approuver",
"conservation",
"douleur",
"semaines",
"renvoyer",
"embarras",
"devez",
"chère",
"motif",
"dédommagement",
"puisque",
"juste",
"éclairé",
"applaudissements",
"puisqu",
"déclaré",
"vive",
"désirez",
"cœur",
"ayez",
"courage",
"huile",
"quinquet",
"découverte",
"supplions",
"permettre",
"ajouter",
"beauté",
"soumettons",
"agrée",
"choisi",
"idées",
"circonstance",
"commodité",
"particulièrement",
"tenter",
"risques",
"nécessairement",
"propreté",
"convenable",
"murville",
"rentrée",
"intérêt",
"clôture",
"déranger",
"projets",
"nuire",
"maitresse",
"recevez",
"assurances",
"reconnaissance",
"nommer",
"joseph",
"reg",
"revenant",
"vis",
"aurais",
"bout",
"or",
"époque",
"dû",
"prenne",
"cher",
"devient",
"envers",
"joints",
"petits",
"orages",
"vrai",
"fermement",
"observations",
"bontés",
"surpris",
"apprendre",
"représenté",
"conséquent",
"chasse",
"froid",
"mandé",
"délicatesse",
"oublié",
"quoiqu",
"prouver",
"absence",
"différence",
"écarter",
"usages",
"désormais",
"portés",
"quasimodo",
"puissent",
"chassis",
"retoucher",
"réparer",
"feu",
"actuel",
"défunt",
"retouchées",
"repeintes",
"laver",
"toiles",
"ferrures",
"ton",
"loisible",
"réciproquement",
"soi",
"conventions",
"cesser",
"macbeth",
"parvenue",
"combinaison",
"cède",
"repasser",
"demi",
"cruel",
"talent",
"démission",
"ici",
"adieu",
"communication",
"lue",
"attention",
"tranquilité",
"vais",
"auparavant",
"reine",
"dumésnil",
"reçut",
"dureney",
"princesses",
"fus",
"signifier",
"voyant",
"opposée",
"rendit",
"persuader",
"déclara",
"venue",
"arrangement",
"saisit",
"témoignage",
"résisté",
"prétentions",
"touche",
"pouvaient",
"venait",
"discussion",
"reines",
"appartenaient",
"tragique",
"négligence",
"supplier",
"devoirs",
"mienne",
"titres",
"ennemie",
"querelle",
"avocats",
"gentilshommes",
"jugèrent",
"procès",
"approbation",
"écrivit",
"déclaration",
"réflexions",
"remarquer",
"réserves",
"libelle",
"tenue",
"excès",
"traits",
"faisait",
"fruit",
"jalousie",
"croyais",
"marques",
"défait",
"imputer",
"plaît",
"perdez",
"espère",
"crus",
"monime",
"abandonné",
"verrez",
"espace",
"ressource",
"condamnée",
"joués",
"tauride",
"adélaïde",
"aménaïde",
"hypermnestre",
"gustave",
"alzire",
"laodice",
"doublée",
"tels",
"témoin",
"particulières",
"détails",
"suppose",
"désagrément",
"volontairement",
"averti",
"incommodités",
"grief",
"inconvénients",
"journalières",
"assembler",
"quelqu",
"expliquer",
"jugement",
"dira",
"invite",
"désire",
"puis",
"limites",
"cessera",
"appel",
"eût",
"continuation",
"distribution",
"imprimé",
"consultation",
"fixée",
"rétablir",
"adressé",
"précautions",
"communiquer",
"voulez",
"atteinte",
"consentait",
"rendue",
"propositions",
"éviter",
"pareilles",
"soins",
"caution",
"constitutions",
"marquer",
"doutez",
"rétabli",
"voies",
"gratification",
"vanhove",
"trésor",
"perrin",
"dorival",
"troisièmes",
"hommage",
"suppression",
"endroit",
"éloigné",
"flatter",
"désirer",
"facilité",
"tenu",
"présentant",
"remerciements",
"gresset",
"goût",
"moyens",
"imaginai",
"mauvaise",
"bustes",
"maîtres",
"préjugés",
"fameux",
"centre",
"célèbre",
"voisins",
"valoir",
"confrères",
"craindrez",
"critique",
"mettant",
"pusse",
"accorde",
"déroger",
"toucher",
"moyennant",
"perrier",
"beaubourg",
"partager",
"foy",
"ayt",
"présentement",
"vint",
"ouvreuses",
"troisiesmes",
"trimoüille",
"commandans",
"agréer",
"distribuer",
"lathorillière",
"démocrite",
"feuille",
"père",
"beauvilliers",
"résolü",
"quy",
"élide",
"caverot",
"flambeaux",
"conduire",
"saisies",
"febvrier",
"rapporté",
"émolumens",
"tiroffle",
"meubles",
"loyers",
"josselin",
"parolle",
"menacé",
"ornemens",
"suivent",
"roole",
"école",
"maris",
"joûra",
"préposé",
"fermée",
"descharge",
"latorilliere",
"gas",
"émoluments",
"troisiesme",
"rétribution",
"costé",
"représentée",
"proposé",
"partage",
"occupe",
"es",
"timon",
"assemblee",
"décoration",
"desquelles",
"michel",
"rieux",
"capitaine",
"don",
"follet",
"passée",
"pensionnaires",
"met",
"pauvre",
"cinquiesme",
"establies",
"exécuté",
"retira",
"placet",
"duché",
"psyché",
"fèves",
"augmenté",
"faitte",
"agité",
"offrant",
"vizé",
"salot",
"complices",
"dommages",
"désordre",
"compag",
"paroist",
"pouvant",
"damelle",
"extraordres",
"court",
"prechantré",
"déduction",
"joüra",
"arrérages",
"offrir",
"nen",
"remetre",
"faculté",
"dechampvallon",
"lebaron",
"agir",
"lit",
"porteurs",
"quittance",
"bartillat",
"phraate",
"mur",
"magnan",
"reproche",
"recueil",
"dûs",
"ignorions",
"aviés",
"palissot",
"parcequ",
"eû",
"vitesse",
"jeu",
"homage",
"tourner",
"levant",
"métromanie",
"serviteurs",
"politesse",
"vray",
"remerciement",
"êté",
"sensé",
"cérémonial",
"haût",
"moindre",
"tornet",
"abbé",
"dieu",
"cortès",
"envoi",
"dimanches",
"richesse",
"gentilhommes",
"suspendre",
"vû",
"conclusions",
"age",
"savent",
"chaussée",
"distinction",
"favorables",
"trutat",
"inquiétude",
"danse",
"défaut",
"loger",
"occasionnera",
"agrandissement",
"depense",
"contribuée",
"arrêts",
"vendre",
"propre",
"privilege",
"duquel",
"declaration",
"precedent",
"proportion",
"faciliter",
"retenüe",
"retireront",
"accordée",
"autour",
"supplié",
"dispenser",
"formalités",
"auxquelles",
"contenu",
"données",
"simphonies",
"pied",
"certains",
"renvoyé",
"jouit",
"marin",
"sontpelloy",
"zarucma",
"recu",
"bastide",
"aout",
"déliberé",
"sauvigny",
"homologués",
"quatrieme",
"arrêt",
"fontpertuis",
"appoint",
"quittances",
"frères",
"unaniment",
"provenant",
"délivré",
"extraord",
"huitieme",
"francs",
"so",
"reconnu",
"vingts",
"mandat",
"montvel",
"feulie",
"comédienne",
"sir",
"tenues",
"vienne",
"premieres",
"delibérations",
"entreront",
"assemblees",
"premierement",
"sortent",
"rentrer",
"rogue",
"longehamps",
"touchera",
"signifié",
"regle",
"allant",
"ceddé",
"comptable",
"quartier",
"taillé",
"dumont",
"deuxiesme",
"delathorillere",
"advis",
"eteinte",
"tournera",
"quan",
"venoit",
"pasquin",
"gusman",
"sourdeac",
"roger",
"empruntera",
"arreste",
"langlois",
"representation",
"dor",
"jay",
"comm",
"riviere",
"francine",
"essayer",
"sonné",
"releu",
"surprise",
"employe",
"mere",
"delathoriliere",
"yon",
"gestion",
"employez",
"ledis",
"thierry",
"neuvieme",
"vigneux",
"dinterest",
"échoiront",
"biffes",
"rembourser",
"estées",
"acquit",
"noüe",
"approuvant",
"comédiennes",
"oudet",
"repertoire",
"jeton",
"presen",
"romancaz",
"delathorillierelefils",
"dattée",
"troisième",
"decharge",
"recues",
"datté",
"prnts",
"quinaultdefresne",
"drouindebercy",
"payables",
"joignant",
"requise",
"soussignez",
"amende",
"pilade",
"rayes",
"breüil",
"mont",
"meny",
"barron",
"deüe",
"decelle",
"soubz",
"commédiens",
"seiz",
"mazarine",
"dict",
"taultieradac",
"lagardet",
"marquis",
"deschargez",
"debvons",
"cachet",
"ensuivant",
"traicté",
"dicts",
"effect",
"jugerons",
"soyons",
"debouttés",
"payerons",
"déliberré",
"caterine",
"lecler",
"labauval",
"lenoir",
"mariangelique",
"appliquera",
"auvilliers",
"louvre",
"pesant",
"marcs",
"onzes",
"exprès",
"vin",
"batteau",
"reviennent",
"pèsent",
"comprendre",
"chemesle",
"agamemnon",
"esprit",
"misanthrope",
"étourdi",
"jalouse",
"repasse",
"sinon",
"defaillans",
"cables",
"malades",
"alictés",
"avertira",
"téléphonte",
"agrippine",
"intéressés",
"chaudebois",
"amours",
"céphale",
"chosiroirt",
"bruslent",
"employés",
"entretiendra",
"perdront",
"labeauval",
"pretter",
"partira",
"pourceaugnac",
"plaffond",
"expers",
"appelleront",
"continuées",
"régulièremen",
"deffendue",
"garnies",
"plaffonds",
"balcon",
"despenser",
"plaffons",
"bleue",
"couvrir",
"aisles",
"restraint",
"représentées",
"preist",
"rapportée",
"ratifiée",
"générallement",
"huyssier",
"garder",
"deffendre",
"decorateurs",
"souffler",
"chapeau",
"esteindront",
"fument",
"applicable",
"aistres",
"buches",
"voye",
"coterets",
"fagots",
"hardes",
"pensoit",
"chargera",
"mettaient",
"racomoder",
"guénégault",
"chevaux",
"cassent",
"jambes",
"qualitée",
"plaignent",
"disent",
"campagnes",
"entrent",
"bancs",
"banc",
"laisra",
"maincart",
"logement",
"despense",
"messe",
"minuict",
"cuière",
"cierges",
"cierge",
"bedeaux",
"vendra",
"ensuitte",
"souscript",
"prépare",
"responces",
"croit",
"fist",
"réflexion",
"permission",
"interruption",
"corvée",
"arsaces",
"refuse",
"antigone",
"rectiffier",
"donnant",
"contestation",
"sors",
"entrera",
"destail",
"bannette",
"tablier",
"rosle",
"party",
"tiange",
"appartements",
"gras",
"autheur",
"impromptu",
"voyages",
"despenses",
"mesnager",
"despence",
"establie",
"réplique",
"supprimée",
"subsisteront",
"delliberations",
"demeuront",
"confisquées",
"emplois",
"résolus",
"résoudre",
"dellibere",
"poster",
"accompagné",
"empeschera",
"abbatre",
"dehors",
"barrière",
"comiques",
"soustenir",
"demandera",
"eschera",
"alternative",
"interrompue",
"solemnelle",
"imprévu",
"festes",
"tienne",
"corrigée",
"recommencera",
"encor",
"pégaze",
"continuant",
"observées",
"representera",
"soustiendra",
"pratiquée",
"pardela",
"censée",
"sujette",
"reigles",
"chemmeslay",
"panurge",
"marcial",
"destiné",
"escriptes",
"fixés",
"monteront",
"marys",
"dispensé",
"forfaice",
"baraillon",
"déllibérera",
"soubsignez",
"vallemoret",
"aignan",
"stuart",
"boursault",
"accomoder",
"tiré",
"dellibérations",
"adjoustées",
"acceptées",
"aporteront",
"dixhuictiesme",
"avantages",
"pistolles",
"gayon",
"gardette",
"béchet",
"mauvilain",
"mailly",
"marcin",
"degas",
"dufour",
"rocher",
"servais",
"sixiesmes",
"appartiennent",
"fini",
"survenu",
"proposeront",
"préférera",
"externes",
"endra",
"menues",
"emporté",
"deub",
"rabattra",
"obsèques",
"reyne",
"resolu",
"affairres",
"écheoira",
"echeoira",
"tailleur",
"nettoier",
"habicts",
"complets",
"eguilles",
"soye",
"ruban",
"attacher",
"jupes",
"pressé",
"paier",
"racommodage",
"finir",
"cejourdhuy",
"laissant",
"paié",
"reservent",
"reparations",
"considerable",
"participation",
"perruques",
"assistans",
"exeption",
"moiennant",
"totalement",
"troup",
"renvoier",
"juridiquement",
"avances",
"dubreûil",
"delanoy",
"mandemt",
"auquels",
"nouë",
"comediennes",
"villebrunt",
"clairambault",
"lonisel",
"dainger",
"jacinte",
"dangers",
"potrou",
"prudhomme",
"écheuës",
"borrie",
"écheues",
"lousteau",
"archer",
"piffet",
"daingé",
"vallée",
"bedoüin",
"tailet",
"janver",
"some",
"neux",
"susnommez",
"desavigny",
"empruntée",
"sol",
"restée",
"gallée",
"écheu",
"solidement",
"écheance",
"lundÿ",
"ostant",
"méme",
"corps",
"ordonnant",
"refuser",
"reservant",
"excepté",
"survenoit",
"passeront",
"memes",
"portéees",
"assémblée",
"hôtél",
"aprés",
"béré",
"nécéssité",
"touts",
"portiers",
"valets",
"journéllement",
"affairre",
"suivi",
"signature",
"auquél",
"richélieu",
"biron",
"colonel",
"régiment",
"françaises",
"meaupoux",
"président",
"demoras",
"cornillon",
"major",
"ment",
"berrhier",
"deboullogne",
"valet",
"delaferté",
"tuis",
"cun",
"delaférté",
"hébert",
"thrésorier",
"ausuél",
"distribuent",
"versaïlles",
"salles",
"ambassadeurs",
"caffé",
"crocheteurs",
"journal",
"seigneurs",
"villequier",
"originales",
"nosseigneurs",
"consignés",
"secrétaire",
"exact",
"occuperaient",
"réponses",
"montré",
"inscrit",
"désespoir",
"retard",
"pense",
"rendez",
"blâmer",
"redoubler",
"parait",
"économiques",
"gerbier",
"usurpations",
"privée",
"intéressantes",
"ressources",
"privilège",
"exclusif",
"xiv",
"dépouillée",
"patrimoine",
"empare",
"intrigues",
"approprie",
"effraie",
"poèmes",
"calqués",
"embellit",
"charme",
"associe",
"richesses",
"dépouille",
"voit",
"plupart",
"concours",
"assuraient",
"poètes",
"aulide",
"travaille",
"séville",
"hâter",
"attaque",
"fondements",
"entrainerait",
"ruine",
"recours",
"interposer",
"défendu",
"adopter",
"défenses",
"reconnaîtront",
"trace",
"appartenantes",
"suppliants",
"cesseront",
"vœux",
"fièvre",
"nuit",
"augmentée",
"saigner",
"harpe",
"notions",
"fâchée",
"affligée",
"partageons",
"chagrin",
"impertinent",
"traitement",
"polisson",
"puissant",
"consolation",
"couvert",
"injure",
"vifs",
"généraux",
"franche",
"preuve",
"méritez",
"opinion",
"consolante",
"encourageante",
"rétablissez",
"soyez",
"persuadée",
"venons",
"connue",
"adapter",
"réservoir",
"illumination",
"réunira",
"économie",
"aurez",
"profond",
"connais",
"matière",
"éclairage",
"découvert",
"annonce",
"papiers",
"publics",
"excédant",
"simples",
"exposées",
"rencontre",
"expérience",
"balancer",
"concilier",
"oppose",
"essais",
"jugerez",
"répondent",
"espérances",
"réclamation",
"fumée",
"considérable",
"nuise",
"éprouverez",
"obstacle",
"paraît",
"salubrité",
"réverbère",
"inconvénient",
"adopterai",
"rendezvous",
"mari",
"expirées",
"melcom",
"versenil",
"indisposition",
"heureusement",
"voudrai",
"reparaître",
"toutefois",
"train",
"pourtant",
"absentent",
"prierais",
"laissée",
"choisirai",
"promettre",
"seriez",
"arbitres",
"profonde",
"sensibilité",
"oubliera",
"balayeur",
"balayage",
"antoine",
"aide",
"andré",
"cusin",
"serrage",
"sciage",
"caille",
"boule",
"venceslas",
"arrivant",
"savait",
"douter",
"familier",
"indifférent",
"couru",
"vivacité",
"sentir",
"honnêtement",
"affectionné",
"empresse",
"affligeante",
"prouve",
"clairement",
"humeur",
"injuste",
"aiment",
"portons",
"détromper",
"intentions",
"supposez",
"doutes",
"choc",
"habituel",
"occasionne",
"succède",
"vraie",
"fraternité",
"affliger",
"paroles",
"répétons",
"expression",
"regret",
"commentaire",
"oubliez",
"croyent",
"embellie",
"ineffaçable",
"avare",
"bienfaisant",
"ronsin",
"sédérias",
"bacadeau",
"disposait",
"inutiles",
"importe",
"tombé",
"propriété",
"rigoureux",
"ayons",
"rues",
"couvertes",
"neige",
"glaces",
"événement",
"complet",
"supérieurement",
"seules",
"sentit",
"convint",
"porta",
"parole",
"obtint",
"authentique",
"obtenez",
"voudrais",
"prennent",
"engagé",
"négligé",
"distingués",
"baudeau",
"bellevile",
"communiqué",
"contient",
"contraire",
"mettent",
"saisons",
"pécuniaire",
"certain",
"relevé",
"observation",
"dunant",
"dater",
"rochefort",
"arrêtait",
"permettait",
"soussignés",
"demeurant",
"vaugirard",
"sulpice",
"desquels",
"demeurent",
"caumartain",
"madeleine",
"rideaux",
"coulisses",
"plafonds",
"bandes",
"air",
"autels",
"statues",
"buchers",
"gazons",
"ornements",
"séparés",
"exigera",
"dramatiques",
"toile",
"concerner",
"écaillée",
"rafraîchir",
"posées",
"déchirure",
"dégradation",
"arriverait",
"vœu",
"croquis",
"existantes",
"out",
"existe",
"déclouer",
"démembre",
"vaudront",
"emmagasiner",
"mention",
"résultant",
"entretenir",
"vétuste",
"riche",
"possessions",
"actuelles",
"dépens",
"couleurs",
"drogues",
"outils",
"ustensiles",
"paiement",
"compagnons",
"pourrais",
"seconder",
"accélérer",
"solder",
"détaillés",
"devers",
"vaudra",
"perpétuera",
"renouveler",
"contractants",
"avertisse",
"entend",
"comprises",
"écoulés",
"ratifier",
"reconnait",
"portées",
"touché",
"léar",
"ducis",
"larive",
"incommodée",
"supporter",
"vexations",
"témoins",
"innocente",
"choisit",
"colique",
"priait",
"aisément",
"sentirez",
"combien",
"esclave",
"dépendance",
"arrivais",
"queue",
"pouvez",
"sais",
"écris",
"pàques",
"défaite",
"présentée",
"mériter",
"réfléchirait",
"prendrait",
"tendrait",
"calmer",
"réfléchi",
"combiné",
"but",
"réfléxions",
"exposer",
"tableau",
"débutai",
"émané",
"marqué",
"débuts",
"renonciation",
"représenta",
"passa",
"prévoir",
"éprouverais",
"liée",
"importants",
"obliger",
"intercéder",
"employai",
"reproché",
"estimable",
"dresser",
"exigeait",
"conféré",
"étions",
"énoncerait",
"guassin",
"crut",
"rédigea",
"apportera",
"ignorais",
"perfide",
"dépouillais",
"fermeté",
"connaissais",
"ignore",
"souffrira",
"renverse",
"élève",
"défendrai",
"portai",
"rapporter",
"irrita",
"faudrait",
"entendrai",
"habillerait",
"jugerait",
"ingratitude",
"injustice",
"réussir",
"ferais",
"sensibles",
"payaient",
"foi",
"constant",
"renfermant",
"attaquer",
"quinzième",
"tandis",
"huitième",
"tracé",
"parût",
"réussite",
"flattèrent",
"persévérance",
"soutenue",
"devenue",
"profita",
"soutenait",
"longue",
"prîtes",
"arrêtâtes",
"suffrages",
"travailla",
"dura",
"rassemblait",
"réclamé",
"suffisants",
"paie",
"jouait",
"quelquefois",
"répétée",
"positif",
"manquante",
"réveilla",
"vivement",
"demanda",
"zénobie",
"opposai",
"appuyai",
"accumulés",
"surprendre",
"éclat",
"donna",
"agita",
"peinte",
"redoutable",
"cherchait",
"opprimer",
"protection",
"fallut",
"démêlé",
"firent",
"antécédentes",
"rappelez",
"usai",
"présentai",
"déclarai",
"énoncés",
"ajoutai",
"constater",
"réservais",
"assistait",
"marque",
"doublera",
"adhésion",
"apercevra",
"échappera",
"condamnait",
"justifiait",
"généreusement",
"arriva",
"odieux",
"parut",
"inondé",
"couvrait",
"protections",
"puissantes",
"appuyée",
"occupées",
"défense",
"imprudence",
"injuriait",
"attaquait",
"plume",
"arrête",
"permettrai",
"rappeler",
"audace",
"nombreux",
"conclut",
"espece",
"gouvernement",
"enjoignait",
"envoyèrent",
"rayer",
"évenement",
"assisté",
"frère",
"voulurent",
"participer",
"persécutions",
"vengeance",
"vue",
"indulgence",
"bonté",
"encourage",
"développe",
"agrandit",
"dégoûts",
"encouragements",
"espoir",
"conservé",
"suffrage",
"redoublant",
"efforts",
"plaire",
"voyais",
"renaître",
"daigné",
"frédégonde",
"supposera",
"aie",
"équivoque",
"indigné",
"renvoi",
"accuserai",
"forcée",
"porterai",
"multipliés",
"continuels",
"resterai",
"sinistre",
"effrayés",
"rares",
"médiocres",
"voudriez",
"prononcez",
"immuable",
"permet",
"laissent",
"exposez",
"animosité",
"capables",
"position",
"embarrassante",
"rappelle",
"définitivement",
"jouerais",
"annoncé",
"repos",
"déterminai",
"abandonner",
"notamment",
"surcroît",
"exclusivement",
"doublé",
"ouvrez",
"résulte",
"paru",
"détruire",
"plainte",
"injustices",
"appartenait",
"pompignan",
"parle",
"palmire",
"euphénie",
"azéma",
"chimène",
"guesclin",
"athalie",
"iricie",
"pyrrhus",
"aricie",
"bellevidera",
"josabeth",
"troyennes",
"malabar",
"junie",
"duchesse",
"essex",
"juliette",
"eriphile",
"elisabeth",
"warwick",
"aliénor",
"cassandre",
"raucour",
"accroître",
"dernières",
"sachant",
"doublées",
"adressés",
"soupçonnera",
"imaginer",
"tenté",
"sollicitations",
"aient",
"disputerai",
"apparemment",
"confiaient",
"convenaient",
"reproches",
"affectation",
"odieuse",
"cédés",
"tardé",
"éclater",
"vérité",
"dise",
"renvoyés",
"apportaient",
"pouvais",
"espéré",
"permettrais",
"orphelin",
"chine",
"refus",
"occasionné",
"sacrifié",
"notoirement",
"serions",
"éprouver",
"prévu",
"impute",
"répertoires",
"notoires",
"obvier",
"naître",
"maladies",
"subites",
"incommodé",
"affichée",
"su",
"ordonnent",
"prêts",
"torts",
"disculper",
"justifiée",
"prononcer",
"forcés",
"rejeter",
"accusera",
"protéger",
"victime",
"pourrez",
"remarque",
"retrancher",
"attendre",
"devenir",
"renverser",
"condamnant",
"essuierai",
"persuadé",
"dangereux",
"jugent",
"eh",
"renonce",
"débats",
"dus",
"dépositaire",
"étendue",
"fixées",
"jugea",
"conquérir",
"primauté",
"personnel",
"disputer",
"répète",
"serai",
"condamne",
"sincérité",
"âme",
"flate",
"convaincra",
"rivale",
"persécutrice",
"agréables",
"sort",
"dépendu",
"attiré",
"disgrâce",
"encourue",
"affaiblir",
"sacrifie",
"approuvée",
"causé",
"affliction",
"répliqué",
"assigner",
"châtelet",
"ministre",
"survenus",
"procédure",
"imprimer",
"répondit",
"pénétrée",
"témoignez",
"saisirai",
"reprendre",
"récrit",
"désirait",
"convenir",
"désirerais",
"aurai",
"occupée",
"portait",
"substance",
"nuirait",
"refusait",
"doublerait",
"entendait",
"alterner",
"alternait",
"substituer",
"unanimes",
"désagréments",
"occasionnés",
"contenues",
"querelles",
"fixes",
"inspirent",
"naturellement",
"confiance",
"voudrez",
"espérance",
"volontiers",
"durer",
"serez",
"rétractant",
"persistait",
"expliqué",
"comptait",
"jouir",
"ajouté",
"changeait",
"accepterait",
"hésiterait",
"sacrifier",
"consentirait",
"hésiter",
"remercié",
"générosité",
"inviter",
"réunion",
"allait",
"paraîtrai",
"pourrai",
"autorisé",
"cuivre",
"fondu",
"argenté",
"réservoirs",
"conduits",
"lanterne",
"foyer",
"folle",
"œil",
"provision",
"bellot",
"nièces",
"boissy",
"témoigne",
"consacré",
"revivre",
"saisira",
"jouïe",
"ingrat",
"création",
"obtienne",
"liquidateur",
"déterminés",
"vivant",
"supprimés",
"continués",
"exigence",
"favori",
"rapportons",
"écrivons",
"attaché",
"offrira",
"fal",
"regarder",
"mets",
"célérité",
"fonctions",
"constamment",
"véritables",
"assurance",
"naturel",
"rapprocher",
"cherchant",
"trouva",
"dirent",
"indiscrète",
"saisi",
"caffiéri",
"irrévocablement",
"fixé",
"immortel",
"foyers",
"décorés",
"déclamatoire",
"organes",
"génie",
"ajoutaient",
"illusion",
"arts",
"insulaires",
"shakespeare",
"garrik",
"disait",
"siquid",
"valeo",
"suum",
"vivans",
"eussent",
"morts",
"reposent",
"sépulture",
"rois",
"sens",
"modestie",
"permettra",
"accusés",
"vaine",
"entraves",
"croient",
"craints",
"orgueil",
"franchir",
"placez",
"applaudiront",
"préviendrez",
"sots",
"épigraphe",
"côtés",
"asseoir",
"rendrez",
"postérité",
"transmettant",
"regardant",
"orosmane",
"rassemblés",
"cléron",
"rendus",
"rendront",
"image",
"transmise",
"consacrera",
"honorer",
"demanderais",
"abuserais",
"féliciter",
"trouvais",
"réjouir",
"causant",
"foyez",
"obligeait",
"faible",
"quoique",
"sache",
"voudrait",
"unanimité",
"acceptait",
"caffieri",
"perin",
"offres",
"réglée",
"desliberé",
"deslivrera",
"valablement",
"particulière",
"noms",
"philippe",
"clou",
"manon",
"mimy",
"constantin",
"louison",
"gilles",
"bastien",
"blaise",
"closcu",
"entr",
"soub",
"félicité",
"mestra",
"lot",
"desliberer",
"quinzainier",
"rouller",
"latorillière",
"dufeÿ",
"iront",
"famille",
"mode",
"mousquetaires",
"doibvent",
"portent",
"remontrances",
"messeigneurs",
"delombe",
"hyver",
"commenceroit",
"cesseroit",
"prétendre",
"maistresse",
"sembleroit",
"geuse",
"consenty",
"susdite",
"commancée",
"deviliers",
"assembléé",
"athénaïs",
"joindre",
"petitte",
"directement",
"ensembles",
"adjoutée",
"pourroit",
"trainer",
"dassemblée",
"joüeroit",
"incessemment",
"exrd",
"boissière",
"cordelier",
"prédicateur",
"desévigny",
"indécences",
"passent",
"payants",
"accommodements",
"ayent",
"reculera",
"barrières",
"largeur",
"favier",
"environ",
"ouvrira",
"baguette",
"ordonnez",
"succession",
"feue",
"portrait",
"martin",
"filouté",
"arrivée",
"voyes",
"condamnera",
"mi",
"descidé",
"delatorilliere",
"interressées",
"nettoyement",
"balayié",
"clef",
"produire",
"suivantes",
"tamerlan",
"recevant",
"droict",
"deschargée",
"jugeront",
"occupera",
"assignations",
"formée",
"vattin",
"debeauval",
"rené",
"maurice",
"marchand",
"orfèvre",
"rolland",
"treiziesme",
"affirmative",
"pardevant",
"notaires",
"déclareront",
"ausdits",
"détournoit",
"coupe",
"enchantée",
"disposéroit",
"priera",
"plaint",
"préjudice",
"terme",
"échû",
"scandalle",
"coffres",
"quérir",
"exposé",
"tailleurs",
"cérémonie",
"turque",
"mufty",
"dervis",
"turcs",
"assistants",
"loüer",
"travailleront",
"loüis",
"péchantré",
"noméz",
"charlotte",
"rivière",
"compagnye",
"cédées",
"mesdlles",
"remboursements",
"profité",
"visé",
"généralle",
"soulagement",
"cors",
"communautez",
"contribüeront",
"facultez",
"nôtre",
"remplacée",
"plûtost",
"deües",
"chapmeslé",
"eust",
"feroient",
"paillasson",
"vent",
"jouissoit",
"vacante",
"commancé",
"continueray",
"carrosse",
"vanebilet",
"survie",
"allez",
"chartres",
"requestes",
"arrests",
"bergeon",
"victor",
"appartenir",
"exploicts",
"ducroix",
"dehauteroche",
"augustins",
"ayder",
"blessé",
"teste",
"gardant",
"revoir",
"bradamante",
"augmentant",
"diminuant",
"chaufferettes",
"demanderont",
"changés",
"partagié",
"roman",
"ouvertes",
"défuncte",
"brillard",
"diminués",
"commencé",
"ceste",
"invitée",
"unze",
"payne",
"campagne",
"disposera",
"construire",
"aussytost",
"commançant",
"repassera",
"ragotin",
"retranchement",
"demeuré",
"séparée",
"retranché",
"proposés",
"retranchés",
"exempt",
"violons",
"affiches",
"vertes",
"buvettes",
"reynie",
"renouveller",
"ordonnances",
"touchant",
"puimorin",
"spécialement",
"meubler",
"estudiera",
"madrid",
"parleront",
"parlent",
"décorateurs",
"sièges",
"ausmosnes",
"canna",
"feint",
"astrologue",
"hasard",
"chandelier",
"meilleure",
"prefére",
"déllibérer",
"prester",
"employer",
"pelletier",
"parfaict",
"pardessus",
"vinte",
"dort",
"demandés",
"dixneufe",
"zaïde",
"endymion",
"troix",
"entré",
"montfort",
"ferrier",
"pavoies",
"marchans",
"remet",
"règlera",
"bertrand",
"campistron",
"surenna",
"boiron",
"orodes",
"pacorus",
"syllace",
"palmis",
"euridice",
"ormène",
"rapportera",
"copier",
"dèz",
"honorius",
"eucherius",
"mucian",
"marcelin",
"laisné",
"marceline",
"placidie",
"valamire",
"ardaric",
"octar",
"euric",
"honorie",
"ildione",
"œdipe",
"supposé",
"zélonide",
"pyrame",
"thisbé",
"sam",
"dim",
"avisez",
"derochemore",
"deffaire",
"roosle",
"examiner",
"travaillé",
"partages",
"recommancé",
"despences",
"faittes",
"paumier",
"examinés",
"raporté",
"ez",
"journelement",
"antien",
"preposez",
"mettront",
"basses",
"traverse",
"escripte",
"paire",
"mouchettes",
"cousté",
"montées",
"restablir",
"soubscris",
"escrite",
"agréé",
"payez",
"offerts",
"jetté",
"savoye",
"fust",
"supliera",
"contribuer",
"souscrire",
"prattique",
"agrégés",
"jeune",
"payons",
"lully",
"sortie",
"cante",
"chirurgien",
"blessée",
"fève",
"boete",
"favorablement",
"vaquera",
"hyer",
"occuper",
"procaret",
"reffuser",
"appartement",
"clefs",
"restablit",
"prests",
"pendulle",
"souffrir",
"vende",
"boutique",
"résoudra",
"mrr",
"extraordt",
"exre",
"extraordint",
"criminel",
"intenté",
"désordres",
"arrivez",
"commises",
"sixienovembre",
"souffert",
"promettant",
"interventions",
"action",
"montieur",
"héraclides",
"recüeilluye",
"joüable",
"racomod",
"ant",
"racomodant",
"corigeant",
"changeant",
"racomodan",
"chozze",
"eraclides",
"raccomoder",
"arrest",
"soutenu",
"débiteurs",
"ordonne",
"pourvueu",
"fassent",
"pouvons",
"responsables",
"oüyr",
"pompeia",
"achetter",
"acheter",
"donneroit",
"laye",
"entendue",
"xie",
"dédommager",
"phaéton",
"encourager",
"géta",
"avancer",
"fournira",
"boursaut",
"tirera",
"xe",
"joüez",
"destinées",
"usoit",
"dalthorilliere",
"beauvalle",
"moron",
"chanteront",
"chasseurs",
"suivie",
"sannegrand",
"responce",
"difficulté",
"habitz",
"guinet",
"mde",
"épouse",
"jouons",
"cyrus",
"leüe",
"objections",
"retravaillé",
"x",
"corde",
"théâtres",
"établis",
"restent",
"accommoder",
"nettoyer",
"chandeliers",
"moindres",
"bleu",
"portiques",
"plafond",
"peint",
"dosme",
"marchez",
"rafraichir",
"maisons",
"chaise",
"mousquetaire",
"receus",
"trézor",
"estienne",
"jeannot",
"colbert",
"apportée",
"partagée",
"boitron",
"hayes",
"brosses",
"tasse",
"sacs",
"partant",
"latoriliere",
"cèdent",
"nourritures",
"trésoriers",
"vicomte",
"classée",
"scévole",
"renaud",
"armide",
"arcane",
"renie",
"intérests",
"établir",
"remonstrer",
"établissements",
"delatuillerie",
"ordinairement",
"racommoder",
"racommodée",
"delay",
"thuillerie",
"rehausser",
"sépare",
"barreaux",
"fer",
"fenestre",
"dessent",
"apsents",
"croysy",
"dauviliers",
"toillette",
"dantelle",
"divertir",
"accompagnait",
"assurement",
"amuser",
"pourlas",
"envoy",
"furent",
"aportées",
"pluspart",
"apris",
"distribuées",
"parvenu",
"devons",
"excuses",
"diminüer",
"ignoré",
"remercier",
"faisoit",
"attribuer",
"biblioteque",
"conseilloit",
"parceque",
"informer",
"aviez",
"gâgné",
"aïant",
"écrire",
"soleil",
"fondement",
"perdra",
"vüe",
"voulû",
"édition",
"âdmirer",
"respectables",
"honorés",
"vôtres",
"obeissants",
"honorable",
"ample",
"union",
"salut",
"divertissez",
"mutinerie",
"puérile",
"vieillard",
"presq",
"enfance",
"réclâme",
"croyois",
"venez",
"acompagné",
"mesurée",
"apeller",
"eûtes",
"ofrande",
"accûser",
"tiens",
"naitre",
"èffet",
"boutiques",
"ignobles",
"cabinèts",
"sufisament",
"glorieux",
"ocasion",
"projèt",
"passai",
"démarche",
"silence",
"pouvoit",
"sociétés",
"auroit",
"vol",
"illustres",
"univers",
"lèttre",
"jadis",
"miennes",
"aplaudit",
"aît",
"passant",
"utile",
"conseille",
"capitulaire",
"nb",
"dignité",
"envie",
"attribüe",
"revers",
"songeant",
"gagner",
"primâuté",
"descendre",
"daignez",
"favorisé",
"démeritée",
"glorifiera",
"misérables",
"sçait",
"feüille",
"laurier",
"mince",
"leblanc",
"apoticaire",
"esprits",
"faûte",
"grain",
"philosophie",
"ferions",
"pendre",
"couper",
"coû",
"jugez",
"humiliation",
"éprouve",
"préférence",
"honorez",
"pâssedroits",
"terrible",
"erêveuvur",
"engagés",
"carière",
"tournez",
"soleils",
"orange",
"pressée",
"jêtte",
"écorce",
"soif",
"étanchée",
"boirai",
"eau",
"enfantillons",
"importance",
"demanderai",
"ôte",
"honeurs",
"pêres",
"calisthine",
"docte",
"fréron",
"auriez",
"parlois",
"indifférence",
"tenoit",
"malgré",
"orâcles",
"littéraire",
"hazardez",
"heureuse",
"publie",
"receû",
"correction",
"dégagé",
"locqueurs",
"exposition",
"rectifié",
"débarassé",
"maudit",
"auditoire",
"épargne",
"belle",
"régaler",
"stipendiaires",
"enarrhés",
"canicule",
"grôes",
"moissons",
"excellents",
"joüirent",
"pleine",
"reprises",
"vivons",
"débutants",
"choîsissent",
"attache",
"dépend",
"talens",
"intèressés",
"suspendent",
"élection",
"académicien",
"sienne",
"usurper",
"arroger",
"ravir",
"autrui",
"hériter",
"vivants",
"violence",
"nations",
"dirai",
"supression",
"meilleurs",
"falloit",
"préface",
"lecteurs",
"fachés",
"émanés",
"despostisme",
"verra",
"réferé",
"momus",
"genéral",
"souveraine",
"parnasse",
"prenions",
"sérieux",
"étois",
"tard",
"mutineries",
"visible",
"varié",
"château",
"ferney",
"pensionaires",
"témoignages",
"bienveillance",
"sent",
"incapable",
"sincères",
"permettent",
"olimpie",
"manquerai",
"envoyer",
"rend",
"regrêt",
"mêler",
"reçoivent",
"regardé",
"plat",
"méritent",
"conserverai",
"flatte",
"persuadez",
"représent",
"adresser",
"malentendu",
"avouerai",
"mortifie",
"informé",
"destouches",
"marivaux",
"mierre",
"exercent",
"représentez",
"legitime",
"décent",
"préjudiciable",
"vain",
"multiplieroit",
"multiplier",
"resteront",
"augmenteront",
"éteint",
"complettes",
"vuides",
"deviez",
"remplit",
"spetacle",
"alles",
"layes",
"suprimer",
"appeler",
"intéressées",
"réflections",
"générales",
"paroissent",
"décisives",
"ajouterai",
"concerne",
"permettrés",
"humiliante",
"ose",
"répond",
"témoignés",
"momens",
"avantageux",
"rapelle",
"condescendance",
"vouée",
"lie",
"attens",
"obeissant",
"avient",
"brosse",
"coquelet",
"champierre",
"sauchard",
"grandmesnil",
"brunet",
"avocat",
"agrandir",
"batimens",
"pm",
"soulever",
"decorations",
"bauguettes",
"étoient",
"aurus",
"renfermées",
"incendie",
"armoire",
"comodes",
"gatent",
"fraces",
"immenses",
"rez",
"finy",
"domestique",
"effets",
"renfermés",
"observés",
"considerables",
"decoration",
"ornement",
"endettre",
"contractés",
"diferen",
"tenez",
"majeurement",
"acteure",
"retraites",
"perdent",
"remplacent",
"considerations",
"osent",
"denmits",
"octavès",
"projettent",
"acquérir",
"poura",
"située",
"four",
"attenant",
"coté",
"nord",
"subvenir",
"sagement",
"traere",
"destinent",
"empruntront",
"vente",
"sut",
"agit",
"reunie",
"incorporée",
"raitere",
"gevitanere",
"mousay",
"remboursée",
"suivront",
"quatrième",
"stable",
"deffinitive",
"supplement",
"nommés",
"observent",
"reduit",
"pouvoient",
"alovere",
"fur",
"héritiers",
"parmy",
"aujourdhuy",
"mololité",
"paiées",
"soutenues",
"voila",
"tenus",
"retenu",
"preference",
"manières",
"interdire",
"clauture",
"retrouvra",
"consequence",
"cloture",
"employée",
"empruntés",
"considérant",
"mentionnées",
"seconds",
"augmentent",
"operant",
"libération",
"surete",
"contribués",
"contribueront",
"parlera",
"durant",
"obstant",
"brevet",
"indemniser",
"jouï",
"viendra",
"deceder",
"panera",
"jouis",
"intendants",
"exercice",
"agrement",
"traités",
"survenir",
"presenté",
"expositive",
"autoriser",
"attendû",
"evidente",
"dicelle",
"presentes",
"edit",
"contentant",
"charges",
"consiel",
"interjettée",
"rendüe",
"infirmée",
"conclure",
"debouté",
"viagere",
"declaré",
"recevable",
"fournitures",
"justiffira",
"appuyer",
"articulera",
"verbale",
"pont",
"musiciens",
"renvoye",
"soût",
"gratiffications",
"grace",
"vouloit",
"payat",
"annuellement",
"supprimer",
"volonté",
"quanfin",
"grâces",
"accordées",
"voulus",
"récompenser",
"infirmités",
"empechoient",
"depriser",
"notoire",
"orchestre",
"oté",
"reforme",
"cherché",
"appointement",
"exactement",
"achepte",
"soumit",
"guidances",
"trouvées",
"pretend",
"composé",
"justiffie",
"avanturier",
"constante",
"com",
"auberval",
"mensonge",
"foix",
"irêne",
"boitet",
"renoud",
"caprice",
"admise",
"débuter",
"cte",
"lauraguais",
"nottaire",
"extrait",
"commerce",
"héros",
"heroines",
"poursuit",
"cruellement",
"retrouvé",
"vieil",
"ouste",
"lambeaux",
"recousus",
"hasarder",
"repetent",
"consulter",
"alloit",
"argental",
"apparence",
"ira",
"brisées",
"diable",
"suffir",
"triomphe",
"almerie",
"grenade",
"théagène",
"cariclée",
"homologation",
"lesr",
"confrère",
"not",
"pro",
"parlemt",
"sollicitation",
"ass",
"fompertuis",
"refondre",
"essentiellement",
"pretieuse",
"interêt",
"zulime",
"perdroit",
"imeritter",
"rosalie",
"rozalie",
"deplacé",
"batets",
"pair",
"jouissance",
"ordonnés",
"conformer",
"reglemts",
"intend",
"controleur",
"argenterie",
"plein",
"affirmer",
"créance",
"dauphin",
"légitimement",
"prêt",
"ajax",
"poinsinet",
"beloy",
"contrôlé",
"e",
"éponine",
"chabanon",
"visées",
"reiterées",
"exigent",
"brillans",
"made",
"matiere",
"actuelle",
"différer",
"retenües",
"cinquièmes",
"hopital",
"dixieme",
"reservans",
"libérer",
"hôpitaux",
"contras",
"états",
"province",
"bretagne",
"répartie",
"délivrés",
"vetret",
"échéances",
"completter",
"echeant",
"délivrance",
"teneur",
"italienne",
"salaire",
"épreuves",
"ponthus",
"zacharie",
"dépinai",
"epinay",
"rancy",
"captifs",
"recües",
"socrate",
"libres",
"caulé",
"dupuis",
"ronais",
"belissan",
"dües",
"ve",
"délivrer",
"zemire",
"expédition",
"bernault",
"semr",
"surprises",
"palisot",
"faucheron",
"ferblantier",
"rêglés",
"bœufs",
"annulés",
"depence",
"entendüe",
"cautes",
"lû",
"anglaise",
"recü",
"méfiant",
"page",
"suiv",
"scie",
"financiers",
"manteau",
"compléter",
"pairs",
"bonioli",
"bognoly",
"appoints",
"attributions",
"ro",
"tentatives",
"remedes",
"reussi",
"rétablissement",
"paque",
"incertitude",
"choisies",
"intention",
"agrément",
"paroître",
"seroient",
"auroient",
"ere",
"onziesme",
"assembles",
"exres",
"lheure",
"monsier",
"mare",
"appartenoit",
"reglemens",
"madelle",
"monser",
"lavoix",
"parte",
"afferanter",
"escrit",
"reponse",
"compliment",
"préparé",
"ricère",
"mosr",
"arrosé",
"conforment",
"coucher",
"prétente",
"contrevient",
"pourvoira",
"eviter",
"inconveniens",
"perdus",
"nout",
"tomber",
"aceptera",
"paroillement",
"promettra",
"étudiée",
"changemens",
"retardent",
"répesentation",
"acepter",
"joüir",
"raccommodée",
"generallement",
"classeurs",
"poison",
"dauvlliers",
"dasbrosses",
"debeaubour",
"assant",
"da",
"distribüer",
"postes",
"récepter",
"amener",
"placée",
"sortiront",
"rentrent",
"rendant",
"recevera",
"conme",
"larogue",
"reconnoistra",
"messieur",
"placé",
"diminution",
"caudrot",
"carance",
"quautre",
"descharger",
"dailleurs",
"quatres",
"choisiront",
"veullent",
"serviront",
"executer",
"déliberation",
"réglera",
"baubour",
"laccoutumée",
"veu",
"furstemberg",
"pres",
"ledi",
"pretendoit",
"indemnite",
"habiles",
"consultant",
"concertation",
"charles",
"ambroise",
"catherine",
"guitart",
"couste",
"chlet",
"dappel",
"rivier",
"joueroit",
"vengée",
"vizée",
"masqué",
"accoutumee",
"entierement",
"fy",
"laqlle",
"consentent",
"dellivré",
"nourriture",
"journaliere",
"duq",
"sommer",
"domicile",
"surquoy",
"remarqué",
"loy",
"traites",
"speciallement",
"affectée",
"cest",
"comnettre",
"depend",
"dillivrée",
"conformement",
"afferant",
"delivrer",
"düe",
"conjointement",
"delivrance",
"enitier",
"suflisant",
"fovrnir",
"pretendre",
"demeurer",
"postée",
"lobligation",
"ceddées",
"lannée",
"crocheteur",
"signification",
"daste",
"sommation",
"domlle",
"davril",
"assignée",
"sceus",
"thésée",
"socme",
"arcas",
"iphigenie",
"brutus",
"felix",
"bestrand",
"leandre",
"medecin",
"plaideurs",
"distribue",
"ordmaire",
"champmesllé",
"mortimortüaire",
"defunt",
"payait",
"payoit",
"jez",
"dun",
"séviqny",
"mentionnée",
"rapport",
"conférences",
"lües",
"fustemberq",
"prétendües",
"changements",
"arriver",
"contenter",
"redevance",
"indemnité",
"rédenance",
"meilleures",
"rédevance",
"laqle",
"demeurera",
"amortie",
"terminer",
"laffaire",
"assemblce",
"lamoureux",
"lamoureuse",
"nomé",
"memoires",
"serrurier",
"éteinte",
"déces",
"saluer",
"presté",
"feuser",
"appele",
"ee",
"duroger",
"sorty",
"dechampmesle",
"thorrillière",
"fournissant",
"auql",
"nomes",
"danser",
"nosson",
"froment",
"acoutumee",
"delibération",
"monseig",
"géneral",
"tresor",
"annee",
"vus",
"vize",
"pourvoit",
"conformité",
"promptement",
"rendroit",
"deliber",
"compaqnie",
"sobligera",
"sollidairement",
"seranlay",
"facilement",
"accommodant",
"fauf",
"chaquen",
"accommodes",
"prefere",
"etranger",
"fermera",
"valleur",
"generant",
"jr",
"lentier",
"delathorillie",
"contesse",
"muet",
"chevallier",
"timante",
"frontin",
"montaqne",
"dansera",
"serieuses",
"employera",
"mary",
"disposés",
"repésentée",
"commancement",
"danses",
"intermedes",
"dispositionr",
"brusquin",
"carlos",
"fatiman",
"tomire",
"stamorat",
"julie",
"celime",
"zaire",
"marine",
"daoust",
"desmarres",
"cessé",
"navois",
"nay",
"montagne",
"acepté",
"netoyer",
"vitres",
"géneralle",
"entrees",
"lanné",
"ded",
"classe",
"tourneront",
"neantmoins",
"criminels",
"robbe",
"courte",
"souverains",
"exclus",
"face",
"francoises",
"brueys",
"palaprat",
"verguette",
"labbler",
"villerre",
"biancolelly",
"auy",
"pancele",
"observé",
"regard",
"change",
"sortis",
"dautres",
"intendans",
"frere",
"danez",
"grangert",
"montcourt",
"buhet",
"bellange",
"holuctins",
"duboir",
"barbor",
"dorlce",
"gendre",
"venrony",
"mrcharpentur",
"joachim",
"caucbol",
"carmoline",
"pecourt",
"forgeron",
"dijon",
"chésne",
"copinet",
"fleurette",
"raimond",
"clinchamp",
"procope",
"choquet",
"aubry",
"guichon",
"voisin",
"ms",
"advocat",
"iil",
"generalles",
"particulieres",
"restera",
"marchandiser",
"sil",
"quacteur",
"pressantes",
"prétendent",
"esttre",
"quelquun",
"shabiller",
"sils",
"restrictions",
"continüe",
"commancant",
"note",
"peres",
"meres",
"suiste",
"acticle",
"confirmé",
"adjouter",
"limonnade",
"murée",
"empecher",
"passe",
"parterres",
"seulemt",
"hauteur",
"liqueures",
"escalier",
"cloison",
"forte",
"foyeret",
"theâtre",
"abbus",
"estée",
"empesché",
"puye",
"louvrir",
"grillée",
"suffisant",
"confusion",
"troubler",
"dem",
"chauffretes",
"destre",
"chasser",
"lorsquelles",
"louvreuse",
"serve",
"advertie",
"indisposée",
"for",
"gendres",
"pretonte",
"voyent",
"dufont",
"foit",
"arrivera",
"diminué",
"amphiteatre",
"generalle",
"contenus",
"ladit",
"compté",
"coupable",
"rétient",
"ladvenir",
"délibée",
"seiziesme",
"toucheront",
"avancé",
"transaction",
"fustemberg",
"latorillere",
"echeue",
"auxquelsdaissen",
"cejour",
"dhuy",
"heraclides",
"mar",
"montel",
"cofrèes",
"laut",
"emblée",
"couttumée",
"clairon",
"lemiere",
"bret",
"lamortière",
"labbé",
"latour",
"bélière",
"quai",
"augustin",
"vion",
"banquet",
"seillant",
"entract",
"senellon",
"chabanne",
"fereton",
"couve",
"aussitot",
"paques",
"recû",
"passera",
"mardis",
"viser",
"appercu",
"négligences",
"désirant",
"remédier",
"autorise",
"dangev",
"delatude",
"dumenil",
"raisonnables",
"utilité",
"memoir",
"reduire",
"deffende",
"commander",
"requis",
"opérations",
"approu",
"pari",
"venel",
"re",
"leclere",
"cenz",
"ace",
"lamare",
"billez",
"moyennans",
"largens",
"sarrasin",
"gner",
"étes",
"chacuns",
"payements",
"lamotte",
"échoirons",
"raye",
"auxquel",
"chambault",
"dumourder",
"remy",
"courante",
"gagiste",
"vecu",
"basron",
"bouts",
"accordant",
"survivante",
"demotte",
"affairer",
"servie",
"boneval",
"i",
"délibèrer",
"leture",
"méprise",
"delibere",
"fourniroiens",
"toustes",
"chosse",
"necessaires",
"faivant",
"acquisez",
"empl",
"mentionnes",
"oblig",
"ains",
"villebrun",
"duperrier",
"demontfleury",
"declerambault",
"danger",
"leclerc",
"pa",
"marre",
"deüë",
"semblée",
"accoutumées",
"dupre",
"contera",
"paros",
"bleau",
"renouvellera",
"rabattre",
"renouvellée",
"eschues",
"yceux",
"escheus",
"dargent",
"quarente",
"contenües",
"solliditée",
"dapres",
"echeoiront",
"juleristinterests",
"montmény",
"lund",
"cedit",
"echoirait",
"oblige",
"milles",
"ditjour",
"achille",
"aulteur",
"cinquième",
"decidera",
"breuïl",
"entendut",
"polixene",
"lavare",
"pastoralle",
"daygueberre",
"representée",
"loidinaire",
"por",
"droüindebercy",
"accoûtumée",
"debercy",
"nescheue",
"quaus",
"quau",
"lacquitter",
"mourette",
"marest",
"na",
"ballet",
"cerf",
"assembblée",
"ord",
"renouvelé",
"echeus",
"adjouté",
"aus",
"quelez",
"ausqueles",
"lest",
"greffe",
"morte",
"enterré",
"chateauneuf",
"eschoira",
"acquitez",
"raportera",
"lordre",
"endossé",
"acquiter",
"parodie",
"retenue",
"represente",
"astrate",
"melicerte",
"debut",
"vingtdeux",
"delathorlliere",
"joüées",
"phedre",
"misantrope",
"japhet",
"escarbagnas",
"heraclius",
"esope",
"precieuses",
"lord",
"commandements",
"assisteront",
"tours",
"manteur",
"preucu",
"merred",
"medisant",
"imprevu",
"fe",
"lesprit",
"folet",
"nurcredy",
"javz",
"savredy",
"ons",
"treze",
"susdits",
"huis",
"nuls",
"ouverte",
"nourir",
"estez",
"numeros",
"jesoussignez",
"reconnois",
"lebonneval",
"divisée",
"surnommez",
"confirmant",
"suiet",
"servans",
"remboursemens",
"actricer",
"retiréz",
"écheüe",
"verin",
"dottron",
"guignon",
"gilbert",
"fierville",
"deuez",
"écheux",
"deue",
"denier",
"connel",
"partagers",
"restantes",
"retombent",
"sacquittent",
"diminuée",
"obmissons",
"recettes",
"dangevillie",
"malines",
"prorata",
"echue",
"toüs",
"sobligant",
"dusmenil"]
